{"mean":{"confidence_interval":{"confidence_level":0.95,"lower_bound":27.7423768593307,"upper_bound":28.11344017195805},"point_estimate":27.895412837095982,"standard_error":0.09922930179894277},"median":{"confidence_interval":{"confidence_level":0.95,"lower_bound":27.72237475588037,"upper_bound":27.76836549432946},"point_estimate":27.738492712174022,"standard_error":0.011970356354252205},"median_abs_dev":{"confidence_interval":{"confidence_level":0.95,"lower_bound":0.08633876825992354,"upper_bound":0.13752724860000276},"point_estimate":0.10899612170838324,"standard_error":0.01322697005596521},"slope":{"confidence_interval":{"confidence_level":0.95,"lower_bound":27.75147905722115,"upper_bound":27.812550970189307},"point_estimate":27.781377502239483,"standard_error":0.015676583154623225},"std_dev":{"confidence_interval":{"confidence_level":0.95,"lower_bound":0.12393257739613403,"upper_bound":1.5497017715082417},"point_estimate":0.9985967864420484,"standard_error":0.3918164287360119}}