{"mean":{"confidence_interval":{"confidence_level":0.95,"lower_bound":14.813403687833173,"upper_bound":14.88194563994316},"point_estimate":14.841419770430004,"standard_error":0.017877816642190597},"median":{"confidence_interval":{"confidence_level":0.95,"lower_bound":14.804920880839926,"upper_bound":14.808865426301061},"point_estimate":14.807008901499259,"standard_error":0.0010017243578602343},"median_abs_dev":{"confidence_interval":{"confidence_level":0.95,"lower_bound":0.007320182015343228,"upper_bound":0.014616612984082821},"point_estimate":0.010059993319823579,"standard_error":0.0018184761497998846},"slope":{"confidence_interval":{"confidence_level":0.95,"lower_bound":14.809041800833333,"upper_bound":14.822762237411057},"point_estimate":14.81466822149371,"standard_error":0.0035405598635121632},"std_dev":{"confidence_interval":{"confidence_level":0.95,"lower_bound":0.03134843947286215,"upper_bound":0.2896734962524363},"point_estimate":0.17948810134220364,"standard_error":0.06994647620927881}}