{"mean":{"confidence_interval":{"confidence_level":0.95,"lower_bound":13.688382583077926,"upper_bound":13.852668062512711},"point_estimate":13.7562093374644,"standard_error":0.044123465284319915},"median":{"confidence_interval":{"confidence_level":0.95,"lower_bound":13.682663344286606,"upper_bound":13.688066244218428},"point_estimate":13.685002956233205,"standard_error":0.001118422833360548},"median_abs_dev":{"confidence_interval":{"confidence_level":0.95,"lower_bound":0.00892225214729155,"upper_bound":0.013819175595102111},"point_estimate":0.011429540645961042,"standard_error":0.0012568161214383952},"slope":{"confidence_interval":{"confidence_level":0.95,"lower_bound":13.68493057089378,"upper_bound":13.696144913025002},"point_estimate":13.68998451464626,"standard_error":0.0028763748659364013},"std_dev":{"confidence_interval":{"confidence_level":0.95,"lower_bound":0.025593126980856425,"upper_bound":0.6894091773779181},"point_estimate":0.4429227354389423,"standard_error":0.17688771630138436}}