{"mean":{"confidence_interval":{"confidence_level":0.95,"lower_bound":13.069741481179902,"upper_bound":13.14848499358973},"point_estimate":13.101532539630039,"standard_error":0.021023429766136782},"median":{"confidence_interval":{"confidence_level":0.95,"lower_bound":13.062244797200696,"upper_bound":13.073815095199581},"point_estimate":13.067622696684635,"standard_error":0.0027974989384193525},"median_abs_dev":{"confidence_interval":{"confidence_level":0.95,"lower_bound":0.013849429899816836,"upper_bound":0.023836507841478},"point_estimate":0.018331855673446282,"standard_error":0.0024901503064497965},"slope":{"confidence_interval":{"confidence_level":0.95,"lower_bound":13.069365308855872,"upper_bound":13.080854243206248},"point_estimate":13.074668223185046,"standard_error":0.0029278257387061165},"std_dev":{"confidence_interval":{"confidence_level":0.95,"lower_bound":0.021614121613698543,"upper_bound":0.3334539648775985},"point_estimate":0.21091496271457458,"standard_error":0.08540316918486814}}